aX,aY,aZ,gX,gY,gZ
-0.885,-0.447,2.466,45.105,83.252,-14.282
-0.612,-0.515,2.608,-73.853,160.339,-59.753
0.396,0.282,1.613,-72.266,66.406,-52.734
0.425,0.302,0.964,12.268,-100.830,8.789
0.275,0.064,0.858,23.560,-102.478,35.034
0.015,-0.177,0.785,18.555,-71.655,46.570
-0.056,-0.234,0.811,20.691,-46.631,35.583
-0.149,-0.316,0.878,17.578,-33.875,29.297
-0.165,-0.336,0.893,7.141,-8.423,16.846
-0.122,-0.309,0.903,1.404,1.404,10.193
-0.073,-0.268,0.911,-5.127,12.390,1.404
0.009,-0.205,0.952,-4.150,13.428,1.221
0.020,-0.199,0.970,-0.793,9.766,5.249
-0.010,-0.222,0.970,-0.671,6.226,6.836
-0.033,-0.236,0.965,-2.014,-1.709,7.751
-0.084,-0.253,0.968,-2.686,-6.226,7.935
-0.105,-0.258,0.965,-5.615,-10.193,7.812
-0.118,-0.258,0.946,-6.226,-8.423,6.897
-0.109,-0.258,0.940,-0.183,-4.333,3.235
-0.074,-0.256,0.952,4.333,-3.418,1.648
-0.064,-0.249,0.984,9.460,-2.197,0.732
-0.061,-0.248,0.994,9.583,-1.038,0.671
-0.050,-0.235,0.984,4.456,2.258,1.465
-0.049,-0.226,0.968,1.160,2.502,2.563
-0.053,-0.217,0.947,0.061,-0.488,3.723
-0.055,-0.216,0.955,3.662,-1.709,1.831
-0.057,-0.213,0.991,3.967,-0.549,0.793
-0.057,-0.211,1.004,1.709,2.625,1.221
-0.057,-0.210,1.002,0.122,2.808,2.258
-0.061,-0.211,0.989,-1.282,1.831,3.296
-0.066,-0.213,0.959,-3.174,0.610,3.601
-0.063,-0.210,0.952,-3.296,1.160,2.563
-0.056,-0.201,0.965,-1.343,2.869,0.122
-0.055,-0.194,0.979,0.305,4.639,-0.305
-0.037,-0.206,0.996,-0.916,2.808,-0.671
-0.048,-0.201,0.989,-2.319,-0.427,-0.610
-0.045,-0.201,0.969,0.000,3.113,3.235
-0.049,-0.204,0.964,2.075,5.310,1.953
-0.054,-0.211,0.967,3.906,5.920,0.488
-0.053,-0.216,0.968,7.080,7.751,-0.549
-0.039,-0.232,0.977,8.423,8.545,-0.427
-0.029,-0.243,0.984,9.521,2.563,-0.671
-0.026,-0.247,0.990,8.057,-1.160,-0.244
-0.026,-0.243,0.991,2.747,-1.709,2.319
-0.039,-0.235,0.972,0.854,-0.488,2.991
-0.049,-0.237,0.963,1.221,1.892,1.221
-0.047,-0.240,0.962,2.136,4.150,-0.610
-0.033,-0.237,0.972,3.357,8.972,-4.028
0.002,-0.223,0.995,3.418,10.193,-4.761
0.010,-0.221,1.006,3.174,10.559,-4.272
0.004,-0.230,1.011,2.380,7.874,-0.305
-0.007,-0.233,1.004,1.892,4.517,1.770
-0.035,-0.243,0.979,1.892,-3.357,3.052
-0.046,-0.245,0.964,1.770,-5.127,2.441
-0.053,-0.245,0.952,1.282,-3.052,0.000
-0.052,-0.245,0.947,1.160,-0.061,-1.343
-0.047,-0.245,0.957,0.793,5.432,-2.625
-0.037,-0.244,0.977,0.488,6.958,-2.197
-0.033,-0.240,0.985,0.427,6.775,-0.793
-0.026,-0.236,0.984,0.977,4.883,-0.305
-0.025,-0.238,0.978,2.197,0.977,-0.244
-0.027,-0.240,0.970,2.747,-0.122,-0.671
-0.030,-0.242,0.965,3.479,-0.549,-1.709
-0.036,-0.246,0.958,3.723,0.122,-2.197
-0.032,-0.248,0.962,4.822,3.418,-2.075
-0.017,-0.245,0.983,4.761,4.883,-1.160
-0.013,-0.245,0.986,3.479,4.272,0.916
-0.015,-0.246,0.984,2.930,2.808,1.526
-0.015,-0.243,0.981,2.808,0.183,1.526
-0.013,-0.239,0.978,3.479,-0.916,1.221
-0.012,-0.239,0.976,4.456,-1.648,1.160
-0.018,-0.239,0.968,4.822,-0.977,1.953
-0.021,-0.246,0.969,5.554,1.526,3.418
-0.021,-0.257,0.974,5.249,2.502,3.418
-0.022,-0.258,0.974,3.906,2.808,3.479
-0.028,-0.258,0.968,3.357,2.502,3.296
-0.029,-0.261,0.967,3.723,1.160,1.587
-0.024,-0.260,0.974,3.662,0.610,0.732
-0.016,-0.249,0.970,2.747,0.183,0.671
-0.014,-0.251,0.969,2.686,0.366,1.038
-0.014,-0.256,0.970,2.686,1.465,2.380
-0.018,-0.262,0.978,2.563,1.587,2.869
-0.018,-0.266,0.979,2.136,0.183,2.380
-0.017,-0.268,0.974,1.709,-0.793,1.892
-0.019,-0.261,0.963,1.038,-2.197,1.526
-0.020,-0.259,0.961,0.854,-2.075,1.587
-0.020,-0.259,0.961,1.648,-0.244,1.343
-0.017,-0.265,0.970,2.319,0.854,0.977
-0.014,-0.269,0.982,2.075,1.282,0.671
-0.016,-0.266,0.975,1.038,0.488,0.977
-0.019,-0.262,0.965,0.122,-1.343,2.197
-0.027,-0.261,0.955,0.793,-1.648,2.380
-0.029,-0.266,0.966,2.930,-0.793,1.831
-0.027,-0.270,0.972,3.662,0.183,1.648
-0.023,-0.275,0.976,2.869,1.465,0.977
-0.014,-0.270,0.973,1.953,0.916,0.732
-0.013,-0.267,0.969,1.404,-1.160,0.549
-0.018,-0.265,0.962,1.587,-1.770,0.488
-0.022,-0.266,0.964,2.747,-1.709,0.916
-0.022,-0.270,0.969,3.845,-1.282,1.282
-0.021,-0.273,0.972,3.906,-0.122,1.648
-0.018,-0.279,0.978,3.235,-0.122,1.587
-0.016,-0.281,0.976,1.343,-2.197,1.221
-0.021,-0.275,0.959,0.305,-3.357,1.282
-0.026,-0.274,0.951,0.122,-3.174,1.404
-0.030,-0.278,0.958,0.671,-1.770,1.099
-0.023,-0.273,0.968,1.404,0.854,0.488
-0.018,-0.270,0.972,1.343,2.197,1.282
-0.016,-0.275,0.974,1.038,1.648,1.770
-0.018,-0.276,0.969,0.610,0.061,2.014
-0.022,-0.277,0.963,-0.122,-2.441,2.014
-0.027,-0.277,0.957,-0.244,-2.197,1.648
-0.027,-0.274,0.968,0.732,-0.122,0.732
-0.025,-0.276,0.976,2.319,0.366,0.366
-0.017,-0.274,0.976,2.197,-0.305,0.488
-0.015,-0.270,0.968,1.587,-1.343,0.854
-0.018,-0.272,0.962,0.427,-2.380,1.709
-0.020,-0.275,0.963,0.305,-2.563,1.770
-0.024,-0.276,0.964,0.549,-2.441,1.343

-1.037,-0.563,2.430,34.485,77.637,4.456
-0.677,-0.685,2.474,-79.956,139.648,-44.434
0.313,0.153,1.307,-74.768,42.725,-41.504
0.395,0.341,0.916,15.442,-100.403,8.240
0.311,-0.015,0.706,21.118,-82.947,30.823
0.008,-0.223,0.748,13.916,-46.326,45.044
-0.180,-0.330,0.865,23.437,-44.128,43.762
-0.396,-0.477,1.011,17.944,-27.710,27.893
-0.370,-0.445,0.955,4.456,-12.329,15.381
-0.286,-0.376,0.866,-5.981,9.583,-5.493
-0.126,-0.275,0.808,-4.761,17.883,-11.902
-0.070,-0.241,0.911,-5.005,36.072,-18.494
-0.057,-0.233,0.969,-5.798,42.175,-20.386
-0.022,-0.200,1.052,-4.883,40.222,-21.912
0.004,-0.181,1.067,-1.709,24.353,-17.822
0.049,-0.154,1.062,0.122,15.442,-13.733
0.059,-0.149,1.053,1.892,6.958,-8.789
0.047,-0.162,1.033,5.127,-6.165,1.953
0.027,-0.180,1.026,6.897,-10.132,6.653
-0.026,-0.235,0.996,9.766,-15.320,13.062
-0.050,-0.263,0.973,10.315,-16.479,14.221
-0.079,-0.293,0.934,9.094,-14.648,11.780
-0.083,-0.299,0.930,7.935,-11.902,8.789
-0.079,-0.299,0.937,3.052,-3.906,2.991
-0.055,-0.273,0.965,-0.305,-0.183,1.404
-0.040,-0.250,0.973,-5.066,3.540,1.038
-0.026,-0.217,0.983,-5.249,3.601,1.282
-0.032,-0.212,0.989,-3.784,2.380,1.953
-0.039,-0.216,0.991,-2.075,0.122,2.686
-0.049,-0.230,0.984,-1.526,-1.831,2.625
-0.056,-0.229,0.975,0.488,-3.784,3.235
-0.052,-0.242,0.964,1.587,-3.113,3.113
-0.056,-0.247,0.964,1.709,-2.502,2.319
-0.058,-0.254,0.966,1.526,-0.549,0.305
-0.056,-0.255,0.967,0.122,0.427,-0.427
-0.054,-0.248,0.971,-0.305,0.916,-0.244
-0.048,-0.243,0.974,0.427,2.014,0.000
-0.042,-0.236,0.981,0.916,1.160,0.000
-0.046,-0.235,0.977,1.526,-0.793,-0.183
-0.050,-0.238,0.975,1.831,-1.160,-0.122
-0.051,-0.238,0.975,1.404,-1.099,0.366
-0.052,-0.240,0.967,1.099,-0.427,0.488
-0.052,-0.244,0.967,1.099,1.465,0.244
-0.055,-0.250,0.968,0.916,2.136,-0.183
-0.055,-0.249,0.967,0.977,2.380,-1.160
-0.048,-0.245,0.968,1.343,2.197,-1.831
-0.042,-0.245,0.972,0.854,2.686,-2.197
-0.036,-0.239,0.979,0.305,2.869,-1.892
-0.034,-0.235,0.981,0.427,2.441,-0.977
-0.029,-0.229,0.984,0.916,1.770,-0.305
-0.033,-0.234,0.979,1.892,-0.549,1.282
-0.040,-0.239,0.975,2.563,-2.808,1.953
-0.056,-0.250,0.966,2.563,-3.357,1.709
-0.061,-0.254,0.963,2.136,-3.113,0.549
-0.062,-0.254,0.961,1.526,-2.136,0.061
-0.060,-0.251,0.962,0.366,0.793,-0.244
-0.049,-0.244,0.972,0.305,2.014,-0.427
-0.042,-0.242,0.979,0.305,2.258,-0.366
-0.034,-0.241,0.983,0.244,1.404,0.061
-0.035,-0.243,0.980,-0.183,-0.916,1.038
-0.044,-0.247,0.970,-0.488,-1.770,1.343
-0.048,-0.248,0.967,-0.183,-2.014,1.282
-0.048,-0.249,0.972,0.244,-1.526,0.916
-0.046,-0.248,0.978,1.038,-1.343,0.488
-0.040,-0.244,0.978,1.038,-1.648,0.732
-0.044,-0.242,0.966,-0.366,-1.831,1.648
-0.051,-0.244,0.964,-1.221,-1.587,1.892
-0.057,-0.248,0.967,-1.648,-0.610,1.953
-0.057,-0.251,0.972,-0.732,0.000,1.282
-0.052,-0.247,0.972,-0.549,-0.183,0.610
-0.049,-0.242,0.970,0.183,-0.793,0.122
-0.045,-0.243,0.973,0.549,-0.977,0.427
-0.044,-0.244,0.974,0.427,-1.282,1.343
-0.046,-0.247,0.975,0.305,-1.526,1.526
-0.047,-0.248,0.975,-0.061,-1.770,1.953
-0.052,-0.250,0.973,-0.366,-2.258,2.197
-0.055,-0.252,0.968,-0.793,-3.052,2.136
-0.058,-0.254,0.967,-0.732,-3.052,1.770
-0.058,-0.249,0.967,-0.977,-2.563,1.221
-0.057,-0.247,0.970,-0.732,-1.587,1.343
-0.052,-0.243,0.975,-0.427,-1.099,1.465
-0.049,-0.242,0.977,-0.061,-1.282,1.770
-0.045,-0.241,0.976,-0.122,-1.831,2.136
-0.045,-0.240,0.976,0.122,-3.784,3.784
-0.048,-0.236,0.976,0.732,-5.127,4.883
-0.048,-0.235,0.975,2.136,-6.348,6.348
-0.044,-0.235,0.979,2.869,-6.287,7.019
-0.045,-0.244,0.985,4.395,-7.080,9.277
-0.046,-0.249,0.986,5.005,-8.301,10.193
-0.047,-0.255,0.984,5.554,-11.230,11.658
-0.054,-0.263,0.982,5.859,-12.878,11.902
-0.056,-0.271,0.971,5.615,-15.442,12.024
-0.078,-0.285,0.950,4.456,-15.381,12.146
-0.104,-0.286,0.942,1.892,-13.123,11.414
-0.110,-0.284,0.944,0.610,-11.230,10.498
-0.100,-0.280,0.954,-0.854,-7.141,7.202
-0.092,-0.271,0.956,-1.648,-5.737,5.798
-0.084,-0.259,0.962,-3.418,-4.211,4.578
-0.084,-0.253,0.965,-5.127,-2.991,3.235
-0.088,-0.238,0.964,-5.676,-2.808,2.686
-0.092,-0.234,0.964,-4.517,-3.113,1.770
-0.096,-0.230,0.964,-3.601,-3.235,1.343
-0.095,-0.229,0.963,-2.686,-2.258,0.610
-0.091,-0.235,0.967,-2.136,-1.648,0.427
-0.090,-0.238,0.969,-1.953,-1.404,0.671
-0.093,-0.248,0.963,-2.075,-1.526,1.099
-0.095,-0.252,0.956,-2.502,-0.977,1.160
-0.100,-0.260,0.956,-2.380,-0.427,1.038
-0.088,-0.256,0.970,-1.343,1.282,0.061
-0.076,-0.253,0.977,-0.732,1.770,-0.061
-0.065,-0.255,0.979,-0.732,1.221,1.465
-0.071,-0.259,0.975,-0.732,0.061,2.258
-0.088,-0.268,0.964,-0.549,-2.319,2.625
-0.095,-0.268,0.959,-0.793,-2.869,2.258
-0.103,-0.263,0.960,-1.221,-2.258,1.282
-0.100,-0.261,0.960,-1.343,0.000,0.061
-0.091,-0.256,0.961,-2.014,1.221,-0.305
-0.088,-0.252,0.961,-3.113,2.319,-0.671
-0.084,-0.241,0.964,-2.991,2.380,-0.732

-0.366,-0.581,1.802,-74.280,-32.349,3.906
-0.353,-0.592,1.809,-150.513,-8.118,-3.235
-0.332,-0.518,1.599,-167.541,-19.226,-6.042
-0.365,-0.420,1.361,-164.062,-55.298,-16.113
-0.355,-0.379,1.283,-165.466,-51.941,-31.982
-0.302,-0.292,1.202,-171.143,-41.809,-37.415
-0.265,-0.237,1.199,-177.612,-28.137,-42.114
-0.173,-0.066,1.194,-177.246,-30.029,-40.222
-0.164,0.029,1.153,-165.649,-51.270,-23.621
-0.252,0.115,1.093,-153.259,-61.646,-15.320
-0.294,0.126,1.112,-131.714,-62.622,-14.343
-0.297,0.185,1.233,-127.625,-57.312,-17.395
-0.276,0.218,1.287,-138.062,-52.673,-11.902
-0.279,0.248,1.280,-148.926,-55.847,-3.906
-0.288,0.250,1.235,-159.424,-71.533,7.202
-0.294,0.241,1.120,-157.471,-82.214,9.338
-0.331,0.186,0.972,-153.503,-103.394,10.925
-0.339,0.162,0.892,-155.945,-107.910,9.216
-0.310,0.143,0.780,-162.598,-105.164,2.808
-0.288,0.152,0.764,-165.222,-100.525,0.305
-0.255,0.153,0.760,-166.748,-95.276,-1.526
-0.208,0.143,0.672,-171.326,-95.703,-0.671
-0.201,0.157,0.594,-176.697,-101.074,-0.183
-0.191,0.194,0.440,-174.377,-104.980,-0.244
-0.228,0.185,0.330,-172.913,-106.812,5.310
-0.277,0.157,0.267,-175.476,-84.656,5.127
-0.292,0.186,0.248,-173.828,-66.772,-3.235
-0.236,0.251,0.276,-157.898,-50.598,-14.648
-0.187,0.332,0.243,-150.513,-53.955,-10.620
-0.212,0.352,0.174,-138.855,-68.359,2.136
-0.298,0.369,0.077,-130.676,-69.092,4.639
-0.334,0.371,0.088,-116.028,-51.086,-0.732
-0.355,0.420,0.098,-114.685,-39.490,-4.456
-0.412,0.507,0.031,-111.389,-29.297,-4.456
-0.450,0.534,0.030,-102.600,-28.198,-3.662
-0.520,0.556,0.073,-83.374,-26.123,-2.319
-0.557,0.563,0.079,-75.134,-26.306,-0.549
-0.636,0.588,0.019,-72.205,-28.442,-1.160
-0.675,0.606,-0.020,-60.791,-31.860,-6.897
-0.701,0.647,-0.088,-55.420,-29.907,-10.803
-0.693,0.683,-0.136,-50.598,-22.827,-12.878
-0.680,0.743,-0.238,-46.692,-22.583,-10.132
-0.688,0.754,-0.295,-33.020,-36.011,-0.183
-0.752,0.741,-0.425,-24.963,-45.105,5.371
-0.800,0.717,-0.474,-13.000,-47.913,13.977
-0.850,0.667,-0.520,-11.230,-38.208,14.832
-0.787,0.671,-0.547,-10.193,-15.259,9.216
-0.738,0.686,-0.551,2.380,-7.629,3.723
-0.641,0.704,-0.502,13.672,-6.226,2.625
-0.599,0.705,-0.460,35.095,-4.700,4.089
-0.562,0.707,-0.385,43.274,-3.723,5.798
-0.557,0.705,-0.369,53.955,6.287,7.507
-0.535,0.691,-0.368,56.580,13.489,7.568
-0.527,0.692,-0.375,62.195,23.499,9.277
-0.515,0.670,-0.347,69.397,28.076,12.634
-0.529,0.634,-0.319,89.111,33.020,18.188
-0.567,0.546,-0.227,97.473,37.964,18.555
-0.568,0.514,-0.180,104.431,54.871,16.296
-0.537,0.501,-0.119,105.713,61.096,16.235
-0.514,0.504,-0.095,116.333,58.289,20.203
-0.508,0.471,-0.034,125.671,51.514,23.804
-0.538,0.434,0.004,145.020,45.532,26.062
-0.581,0.342,0.164,150.574,52.429,22.339
-0.551,0.316,0.262,136.108,84.045,15.381
-0.451,0.338,0.382,122.925,96.375,15.991
-0.417,0.347,0.411,118.164,96.313,19.958
-0.398,0.332,0.447,134.216,82.947,17.883
-0.416,0.300,0.520,188.232,42.358,10.437
-0.495,0.150,0.779,198.975,34.973,11.292
-0.527,0.083,0.893,151.184,66.833,16.968
-0.521,0.077,0.910,113.342,92.163,16.663
-0.497,0.116,0.850,100.952,106.750,-3.357
-0.433,0.167,0.914,134.338,80.872,-14.465
-0.474,0.100,1.007,188.049,19.348,-20.691
-0.576,-0.018,1.064,179.260,12.390,-17.151
-0.600,-0.014,0.908,121.460,40.710,-11.414
-0.578,0.001,0.852,98.511,63.538,-16.907
-0.436,0.074,0.924,88.989,97.717,-46.204
-0.352,0.118,1.021,102.905,86.243,-60.486
-0.269,0.179,1.091,108.215,64.941,-54.993
-0.282,0.182,0.984,110.779,16.357,-31.738
-0.385,0.132,0.642,110.413,2.930,-23.254
-0.423,0.095,0.557,117.432,25.940,-32.227
-0.377,0.025,0.733,118.958,60.425,-45.044
-0.283,0.037,0.922,97.595,130.249,-66.467
-0.013,0.230,1.159,81.726,139.587,-65.918
0.058,0.326,1.142,72.754,90.393,-31.860
-0.009,0.330,0.898,80.933,58.594,-9.033
-0.089,0.250,0.795,111.511,38.574,12.634
-0.168,0.049,0.934,124.329,54.016,7.263
-0.116,0.007,1.102,123.291,94.604,-8.301
-0.011,0.025,1.278,118.652,91.797,-5.493
-0.034,0.011,1.275,119.080,42.725,16.113
-0.147,-0.080,1.203,116.211,25.513,26.306
-0.188,-0.124,1.177,105.164,28.564,28.748
-0.210,-0.168,1.235,103.882,36.926,18.921
-0.193,-0.162,1.314,102.417,45.471,0.732
-0.163,-0.149,1.429,95.642,45.654,-0.366
-0.157,-0.148,1.442,72.388,41.016,4.517
-0.149,-0.134,1.388,59.753,37.292,7.629
-0.145,-0.125,1.333,48.401,33.875,11.108
-0.155,-0.139,1.209,35.034,26.489,17.517
-0.179,-0.161,1.173,35.400,20.569,18.311
-0.207,-0.221,1.207,42.725,12.634,11.108
-0.195,-0.239,1.225,32.104,18.921,4.761
-0.154,-0.225,1.192,22.888,20.081,4.883
-0.142,-0.215,1.143,12.878,11.475,10.559
-0.168,-0.220,1.045,12.939,6.714,13.123
-0.212,-0.240,1.050,14.343,8.789,10.315
-0.276,-0.270,1.142,10.132,17.273,5.798
-0.268,-0.261,1.188,-0.854,29.358,-1.892
-0.170,-0.218,1.175,-4.700,27.161,-2.991
-0.111,-0.188,1.110,-6.653,12.512,1.465
-0.056,-0.161,0.962,-2.380,3.662,5.676
-0.073,-0.182,0.921,11.536,-9.460,11.963
-0.129,-0.247,0.914,15.259,-9.583,11.963
-0.138,-0.270,0.930,14.038,2.625,6.775
-0.097,-0.285,0.960,11.902,7.996,4.272
-0.068,-0.284,0.965,7.629,9.033,4.700

-0.440,-0.654,2.455,60.669,-47.546,3.540
-0.381,-0.794,2.842,-40.588,-0.977,-35.400
0.023,-0.786,2.993,-125.305,4.822,-37.292
0.236,-0.625,2.376,-243.774,-52.612,-9.521
0.193,-0.615,2.016,-247.437,-112.427,3.296
0.055,-0.544,1.532,-231.201,-126.099,-5.310
0.017,-0.482,1.454,-220.520,-117.493,-13.916
-0.008,-0.442,1.391,-234.802,-101.562,-6.226
-0.061,-0.416,1.214,-263.672,-91.553,11.475
-0.099,-0.390,1.113,-265.015,-99.304,13.611
-0.140,-0.367,1.036,-246.216,-112.366,5.310
-0.193,-0.348,0.991,-237.549,-109.619,-0.366
-0.161,-0.342,1.009,-235.779,-99.548,-8.789
-0.139,-0.329,1.000,-240.906,-118.774,-9.583
-0.112,-0.278,0.889,-244.141,-134.216,-6.287
-0.103,-0.281,0.776,-247.192,-156.738,-3.906
-0.073,-0.252,0.454,-249.207,-158.447,-7.568
-0.074,-0.206,0.304,-245.361,-145.020,-18.738
-0.030,-0.126,0.198,-238.342,-128.357,-24.536
0.096,-0.028,0.202,-234.131,-80.444,-27.466
0.143,0.019,0.176,-223.328,-67.444,-15.259
0.147,0.068,0.041,-212.585,-79.651,-8.545
0.107,0.134,-0.048,-187.439,-109.802,0.549
-0.035,0.240,-0.196,-171.204,-114.563,4.211
-0.110,0.261,-0.222,-150.024,-102.173,6.775
-0.211,0.328,-0.200,-148.499,-88.379,5.737
-0.229,0.391,-0.191,-144.287,-60.059,8.606
-0.312,0.494,-0.193,-131.836,-60.059,13.550
-0.409,0.495,-0.203,-96.436,-79.285,17.273
-0.591,0.492,-0.266,-86.914,-80.383,12.085
-0.629,0.522,-0.316,-85.022,-58.838,-3.418
-0.587,0.601,-0.349,-86.365,-41.504,-9.583
-0.549,0.652,-0.332,-82.214,-15.442,-13.672
-0.495,0.729,-0.310,-71.838,-19.165,-11.108
-0.587,0.736,-0.442,-38.818,-59.143,0.122
-0.649,0.718,-0.548,-16.052,-80.444,2.563
-0.681,0.755,-0.671,-16.479,-73.914,1.465
-0.668,0.772,-0.666,-17.029,-37.109,-0.183
-0.618,0.793,-0.631,-17.578,-19.043,0.183
-0.618,0.814,-0.624,-6.836,-6.897,3.357
-0.651,0.824,-0.532,7.385,-5.371,4.517
-0.669,0.811,-0.451,31.616,3.540,1.038
-0.650,0.839,-0.298,36.072,12.695,-2.441
-0.622,0.853,-0.231,38.757,32.104,-6.409
-0.546,0.851,-0.145,36.499,39.856,-6.287
-0.512,0.851,-0.172,31.372,43.518,-3.906
-0.505,0.847,-0.343,26.367,35.217,5.615
-0.546,0.813,-0.409,32.227,29.297,9.949
-0.590,0.761,-0.419,48.218,37.109,8.423
-0.611,0.682,-0.327,50.659,51.331,3.479
-0.576,0.685,-0.272,48.157,79.590,-4.456
-0.453,0.722,-0.203,51.392,80.627,-4.150
-0.411,0.723,-0.209,73.547,48.950,7.019
-0.442,0.655,-0.289,89.783,27.893,14.587
-0.499,0.596,-0.313,106.262,15.076,19.714
-0.581,0.493,-0.201,126.343,30.579,17.517
-0.572,0.468,-0.084,123.230,56.335,12.146
-0.401,0.521,0.110,96.191,112.000,3.235
-0.309,0.564,0.140,88.989,118.652,4.883
-0.284,0.542,0.180,122.742,72.083,17.334
-0.351,0.461,0.253,153.015,38.696,23.804
-0.525,0.266,0.458,169.495,28.625,29.785
-0.529,0.236,0.530,145.020,62.744,26.001
-0.355,0.351,0.517,87.524,137.756,10.742
-0.256,0.436,0.488,89.661,133.972,5.737
-0.248,0.376,0.392,156.921,46.814,17.761
-0.415,0.226,0.344,190.063,2.991,30.029
-0.639,-0.062,0.529,196.716,32.349,23.743
-0.550,-0.085,0.733,166.382,98.877,2.869
-0.148,0.151,1.083,100.647,184.387,-35.400
-0.019,0.273,1.106,117.004,111.816,-21.606
-0.142,0.275,0.807,157.532,39.673,-4.761
-0.313,0.142,0.658,221.924,-37.842,11.169
-0.634,-0.180,0.680,212.097,-0.793,3.052
-0.545,-0.212,0.902,172.180,86.731,-19.531
0.017,0.103,1.418,86.426,231.262,-64.636
0.139,0.259,1.466,98.389,133.911,-42.542
-0.056,0.284,1.113,130.310,50.537,-22.949
-0.204,0.190,0.898,168.091,-23.560,-0.244
-0.418,-0.007,0.732,160.339,-0.183,-2.197
-0.371,-0.031,0.856,114.319,113.342,-29.663
-0.058,0.090,1.287,92.468,148.437,-37.781
0.036,0.164,1.398,79.163,112.976,-19.775
-0.067,0.173,1.226,91.431,67.871,-5.188
-0.169,0.110,1.068,131.042,12.573,7.080
-0.276,-0.079,0.892,141.907,13.550,6.165
-0.295,-0.163,0.899,134.583,46.692,-7.141
-0.238,-0.214,1.202,122.925,72.998,-20.081
-0.139,-0.193,1.419,96.619,105.041,-39.551
0.006,-0.117,1.573,82.520,95.520,-36.682
0.005,-0.076,1.478,60.730,58.655,-19.714
-0.021,-0.035,1.205,59.814,46.021,-16.968
-0.017,-0.027,1.145,70.190,40.405,-20.874
0.029,-0.013,1.224,72.876,45.044,-22.217
0.061,-0.006,1.305,67.871,48.584,-16.296
0.087,-0.034,1.360,61.157,41.992,-6.653
0.059,-0.061,1.303,42.603,18.433,15.869
-0.458,-0.125,1.442,36.194,17.578,19.897
-0.826,-0.223,1.872,-15.198,116.638,-23.926
-0.061,-0.137,1.852,-59.387,152.527,-56.946
0.345,0.204,1.438,-37.415,14.343,-48.035
0.348,0.241,0.939,3.052,-51.025,-15.259
0.234,0.067,0.862,9.460,-41.992,21.118
0.126,-0.081,0.789,1.038,-16.418,21.057
0.086,-0.123,0.825,11.169,-1.282,16.479
-0.024,-0.197,0.987,13.245,3.540,12.573
-0.037,-0.189,1.059,-3.235,30.334,-0.305
0.044,-0.104,1.127,-10.437,38.086,-5.127
0.075,-0.062,1.123,-6.836,22.766,-4.822
0.094,-0.037,1.081,-0.671,11.353,-1.221
0.079,-0.060,1.061,8.972,-5.371,6.714
0.008,-0.145,1.023,10.193,-10.254,7.690
-0.015,-0.171,0.993,5.005,-9.277,2.991
-0.001,-0.170,0.946,2.747,-5.432,0.854
0.012,-0.166,0.949,5.432,-1.404,1.892
0.015,-0.167,0.978,9.399,-1.709,4.150
0.015,-0.175,0.992,16.785,-2.380,6.775
0.030,-0.184,1.010,17.578,-1.831,6.714
0.036,-0.180,1.013,16.541,-3.357,7.141

-0.159,-0.384,1.905,-112.427,-81.787,18.555
-0.142,-0.331,1.761,-148.132,-102.661,17.395
-0.177,-0.243,1.537,-147.339,-119.080,16.602
-0.287,-0.275,1.434,-150.208,-127.991,12.146
-0.332,-0.295,1.417,-170.959,-108.887,-0.427
-0.365,-0.313,1.446,-186.218,-95.703,-6.592
-0.354,-0.297,1.453,-222.717,-72.021,-15.015
-0.281,-0.192,1.412,-233.887,-68.237,-17.761
-0.239,-0.133,1.374,-233.765,-78.857,-18.616
-0.212,-0.047,1.292,-228.149,-86.548,-16.907
-0.215,-0.038,1.279,-222.229,-90.088,-15.320
-0.166,-0.021,1.235,-228.210,-84.900,-14.465
-0.117,0.011,1.155,-244.751,-84.229,-4.150
-0.075,0.066,0.940,-243.469,-95.032,3.479
-0.095,0.065,0.864,-222.229,-122.864,13.794
-0.174,0.003,0.764,-215.576,-128.784,15.808
-0.219,0.007,0.680,-217.773,-125.671,15.442
-0.253,0.046,0.593,-221.130,-114.258,4.822
-0.283,0.095,0.481,-220.337,-104.309,-2.136
-0.256,0.125,0.451,-226.990,-82.825,-6.165
-0.147,0.201,0.283,-231.140,-81.116,-0.793
-0.204,0.233,0.041,-216.125,-110.901,17.029
-0.293,0.221,-0.031,-195.862,-121.155,19.287
-0.347,0.201,-0.045,-163.818,-100.220,6.104
-0.311,0.211,-0.000,-161.499,-83.801,-0.916
-0.249,0.288,-0.130,-167.725,-71.838,0.000
-0.271,0.322,-0.251,-153.198,-82.520,13.855
-0.406,0.354,-0.408,-132.019,-88.501,15.747
-0.468,0.349,-0.403,-95.642,-74.219,4.822
-0.499,0.383,-0.338,-92.102,-55.725,-3.357
-0.477,0.454,-0.323,-96.252,-23.376,-14.526
-0.439,0.652,-0.288,-89.722,-17.639,-15.686
-0.429,0.736,-0.250,-58.655,-25.574,-10.254
-0.419,0.815,-0.250,-44.922,-35.400,-2.686
-0.526,0.718,-0.419,-30.701,-55.176,19.958
-0.603,0.643,-0.551,-33.997,-55.542,28.748
-0.697,0.588,-0.769,-49.500,-32.349,34.119
-0.704,0.598,-0.820,-47.852,-20.081,31.860
-0.684,0.627,-0.774,-13.855,-12.268,22.949
-0.676,0.620,-0.692,27.588,-14.404,16.052
-0.687,0.608,-0.515,36.560,-10.193,12.878
-0.681,0.626,-0.458,37.598,10.681,2.747
-0.620,0.673,-0.403,37.354,22.766,-1.892
-0.580,0.667,-0.409,41.809,36.560,-4.089
-0.547,0.610,-0.523,47.607,35.339,-1.343
-0.584,0.569,-0.584,57.434,30.640,1.648
-0.641,0.478,-0.546,78.308,37.415,-2.319
-0.614,0.456,-0.470,77.332,69.275,-18.188
-0.503,0.507,-0.375,72.449,83.740,-23.804
-0.446,0.545,-0.359,81.909,93.994,-25.879
-0.338,0.564,-0.325,98.572,89.233,-23.193
-0.291,0.543,-0.292,119.019,79.956,-17.761
-0.282,0.448,-0.178,154.907,58.105,1.160
-0.341,0.387,-0.094,163.147,61.340,14.526
-0.478,0.294,0.114,154.785,83.069,10.132
-0.463,0.306,0.223,138.672,137.207,-19.043
-0.278,0.419,0.435,145.752,142.944,-31.067
-0.175,0.454,0.539,182.129,96.924,-20.996
-0.204,0.394,0.605,195.496,58.350,1.099
-0.410,0.294,0.589,192.932,31.494,25.818
-0.643,0.172,0.675,176.086,68.604,7.385
-0.542,0.233,0.778,149.231,157.349,-46.631
-0.155,0.414,1.059,151.733,162.537,-53.955
-0.059,0.437,1.109,165.039,70.801,-9.399
-0.337,0.290,0.794,169.617,11.719,22.217
-0.583,0.151,0.627,173.340,2.869,24.841
-0.692,0.012,0.770,164.185,60.547,-9.705
-0.502,0.088,0.986,135.132,170.227,-70.496
-0.078,0.312,1.308,133.484,166.138,-72.449
-0.047,0.349,1.266,140.808,59.875,-24.597
-0.275,0.262,0.787,143.127,9.949,2.136
-0.436,0.150,0.566,157.410,-1.038,8.728
-0.561,-0.047,0.703,160.461,47.974,-15.381
-0.404,-0.041,0.954,139.832,164.917,-69.885
-0.009,0.171,1.386,131.897,172.119,-76.050
0.069,0.261,1.431,124.817,82.703,-33.936
-0.055,0.244,1.097,119.568,33.936,-3.113
-0.151,0.153,0.892,116.577,20.630,25.635
-0.228,-0.033,0.870,126.831,45.532,16.846
-0.191,-0.088,1.082,154.541,89.111,-16.174
-0.038,-0.105,1.514,155.212,92.102,-23.132
0.007,-0.099,1.564,129.456,56.702,-6.348
-0.020,-0.101,1.315,113.831,33.691,8.362
-0.037,-0.126,1.136,94.421,18.738,27.344
-0.057,-0.205,0.947,95.520,23.743,26.733
-0.050,-0.227,1.012,116.943,41.687,3.723
0.078,-0.228,1.280,121.887,49.438,-4.944
0.136,-0.233,1.315,107.178,36.804,6.409
0.108,-0.261,1.133,97.473,21.423,17.700
-0.166,-0.251,1.179,87.280,28.259,18.372
-1.320,-0.545,2.958,45.959,116.272,-21.240
-0.347,-0.583,2.716,-110.840,203.430,-92.590
0.679,0.597,1.097,-73.059,26.733,-57.739
0.574,0.545,0.658,51.575,-139.832,34.241
0.189,-0.107,0.645,38.635,-76.172,51.697
-0.030,-0.238,0.810,13.916,4.150,41.809
-0.313,-0.444,1.141,18.127,3.174,30.029
-0.290,-0.445,1.101,3.052,-9.216,3.723
-0.142,-0.255,0.839,-1.953,-8.423,-3.845
-0.097,-0.230,0.819,2.502,13.916,-7.751
-0.062,-0.255,0.966,2.380,24.658,-9.216
-0.042,-0.253,1.020,-1.404,22.583,-11.719
-0.002,-0.213,1.021,-2.380,15.259,-11.230
0.006,-0.195,0.994,-3.662,7.751,-7.446
-0.003,-0.184,0.988,-4.578,7.690,-5.127
-0.005,-0.180,1.004,-4.456,5.432,-0.488
0.007,-0.162,1.009,-2.014,2.197,1.465
0.017,-0.167,0.997,5.737,-3.723,4.150
0.016,-0.185,0.996,8.911,-5.005,4.822
0.008,-0.210,0.997,10.742,-7.080,5.371
-0.023,-0.242,0.984,9.033,-8.301,5.798
-0.036,-0.247,0.971,4.089,-6.714,6.226
-0.046,-0.247,0.965,2.319,-4.150,6.104
-0.047,-0.245,0.968,-0.549,0.366,4.517
-0.046,-0.238,0.969,-1.404,1.404,3.052
-0.031,-0.220,0.971,-0.916,2.380,-0.061
-0.020,-0.211,0.978,-0.061,2.747,-0.977
-0.010,-0.207,0.985,0.549,2.747,-0.366
-0.000,-0.202,0.997,0.427,2.014,0.854

-0.339,-0.495,1.849,-68.970,-55.847,11.169
-0.313,-0.465,1.898,-147.644,-32.227,-4.150
-0.194,-0.343,1.845,-174.255,-32.227,-7.568
-0.180,-0.206,1.716,-187.866,-67.688,-4.089
-0.214,-0.200,1.709,-180.420,-96.985,-2.319
-0.258,-0.233,1.760,-185.059,-99.304,-4.211
-0.250,-0.213,1.764,-207.703,-100.891,-7.874
-0.208,-0.130,1.662,-219.788,-106.079,-5.310
-0.226,-0.101,1.561,-232.239,-120.239,3.296
-0.275,-0.066,1.370,-232.788,-124.695,3.662
-0.271,-0.044,1.279,-237.061,-122.681,2.014
-0.241,0.007,1.091,-237.915,-121.582,3.174
-0.253,0.015,1.035,-230.103,-122.620,3.845
-0.209,0.023,1.025,-225.342,-121.155,1.404
-0.165,0.020,0.986,-225.464,-125.732,2.747
-0.166,0.049,0.744,-230.957,-128.784,5.554
-0.176,0.071,0.615,-232.361,-126.282,6.348
-0.149,0.077,0.420,-228.943,-121.277,5.371
-0.163,0.090,0.337,-220.276,-111.145,1.770
-0.215,0.114,0.315,-214.050,-102.295,-4.333
-0.195,0.136,0.311,-215.759,-66.711,-12.024
-0.077,0.247,0.253,-218.262,-65.613,-8.972
-0.085,0.300,0.178,-190.552,-89.111,9.216
-0.248,0.274,0.051,-169.128,-96.069,17.395
-0.313,0.235,0.015,-145.935,-98.206,17.334
-0.402,0.218,-0.103,-147.766,-90.698,13.916
-0.401,0.290,-0.233,-152.649,-72.205,5.920
-0.408,0.331,-0.265,-146.118,-66.833,4.944
-0.479,0.358,-0.284,-122.009,-60.303,9.521
-0.535,0.367,-0.304,-112.183,-59.387,11.108
-0.630,0.434,-0.388,-102.478,-51.636,8.972
-0.635,0.487,-0.414,-98.633,-29.968,-0.366
-0.547,0.582,-0.427,-100.159,-16.846,-1.526
-0.489,0.626,-0.457,-98.755,-8.484,10.803
-0.498,0.647,-0.608,-87.830,-18.311,22.705
-0.595,0.615,-0.690,-45.166,-44.250,39.612
-0.746,0.519,-0.737,-20.996,-49.133,37.598
-0.732,0.480,-0.709,7.080,-46.265,25.452
-0.723,0.471,-0.681,14.404,-42.053,20.508
-0.728,0.505,-0.634,26.184,-21.362,5.920
-0.719,0.558,-0.569,33.508,-9.949,-4.700
-0.675,0.616,-0.368,53.040,26.733,-14.771
-0.672,0.626,-0.290,59.631,38.391,-18.433
-0.602,0.676,-0.173,59.753,47.913,-28.503
-0.513,0.705,-0.124,46.570,43.335,-22.400
-0.430,0.756,-0.247,40.344,34.485,-8.606
-0.467,0.739,-0.385,54.993,15.015,15.747
-0.602,0.608,-0.511,73.486,11.536,17.090
-0.665,0.542,-0.468,98.206,34.729,0.305
-0.655,0.490,-0.278,99.060,56.946,-13.855
-0.552,0.512,-0.167,89.233,84.473,-29.663
-0.358,0.601,-0.074,84.595,79.895,-22.400
-0.349,0.624,-0.133,93.933,52.063,8.301
-0.509,0.561,-0.276,112.366,42.725,15.991
-0.601,0.486,-0.269,154.907,60.120,0.488
-0.634,0.356,-0.055,165.222,88.928,-17.761
-0.489,0.353,0.164,150.757,138.245,-45.166
-0.177,0.481,0.475,131.531,133.362,-34.668
-0.199,0.519,0.440,115.662,83.618,16.602
-0.465,0.423,0.264,131.836,66.650,25.513
-0.574,0.341,0.305,185.364,76.599,-6.653
-0.592,0.175,0.585,196.350,109.619,-31.555
-0.408,0.191,0.810,170.471,162.476,-61.646
-0.042,0.382,1.037,146.118,143.433,-46.021
-0.088,0.410,0.907,133.606,46.448,19.653
-0.507,0.216,0.616,154.297,18.250,31.799
-0.640,0.073,0.733,184.387,61.523,-18.005
-0.464,0.067,1.208,164.551,116.394,-50.903
-0.220,0.222,1.409,108.887,156.555,-66.589
-0.005,0.467,1.347,94.360,116.577,-42.053
-0.103,0.461,1.063,103.943,8.240,11.780
-0.395,0.318,0.527,123.169,-18.188,17.456
-0.471,0.232,0.445,146.790,18.982,-6.409
-0.467,0.125,0.582,142.151,67.993,-24.780
-0.366,0.136,0.737,126.465,152.771,-61.157
-0.042,0.244,1.131,123.169,161.682,-67.749
0.038,0.292,1.229,113.037,109.985,-36.255
-0.059,0.276,1.022,109.619,75.073,-10.132
-0.173,0.188,0.864,126.587,49.194,12.085
-0.296,-0.004,0.906,142.883,64.331,-0.793
-0.232,-0.038,1.112,162.964,113.342,-38.940
-0.008,-0.020,1.517,163.208,117.859,-44.861
0.047,-0.015,1.576,143.372,68.909,-21.912
-0.009,-0.056,1.338,126.343,34.119,-2.502
-0.079,-0.089,1.155,103.149,3.052,20.752
-0.130,-0.142,1.065,100.281,17.822,15.320
-0.063,-0.146,1.170,107.178,65.186,-12.207
0.122,-0.154,1.367,108.704,68.604,-16.907
0.146,-0.163,1.358,91.736,35.706,2.563
0.079,-0.197,1.118,79.041,20.813,15.564
0.050,-0.214,0.970,70.190,14.771,25.330
-0.712,-0.091,1.579,84.229,27.344,18.799
-0.999,-0.188,2.614,62.134,178.101,-56.946
0.312,-0.226,2.424,-5.066,194.031,-85.022
0.605,0.141,1.482,-34.912,-75.867,-7.507
0.245,0.113,0.394,-12.146,-149.780,35.889
0.092,-0.069,0.292,-6.165,-62.866,44.922
-0.046,-0.198,0.520,11.353,-13.000,29.602
-0.249,-0.359,1.194,63.660,11.169,6.042
-0.252,-0.401,1.404,53.589,20.264,-3.601
-0.157,-0.342,1.383,-8.911,28.748,-12.268
0.021,-0.145,0.952,-18.921,13.611,-8.545
0.024,-0.156,0.773,0.977,1.160,-4.578
0.020,-0.185,0.857,15.198,19.653,-11.047
0.020,-0.222,1.095,16.418,20.142,-12.207
0.034,-0.217,1.134,8.057,5.005,-7.263
0.056,-0.165,1.039,2.808,-4.517,-1.587
0.049,-0.154,0.982,0.793,-14.465,8.362
0.006,-0.180,0.945,2.258,-14.221,10.010
-0.021,-0.202,0.957,9.094,-12.512,7.202
-0.051,-0.247,0.995,11.841,-11.841,4.944
-0.053,-0.259,0.995,7.690,-6.042,3.723
-0.051,-0.251,0.970,4.150,-2.869,3.784
-0.047,-0.243,0.967,0.244,1.770,2.014
-0.024,-0.234,0.983,-0.488,3.235,0.793
-0.012,-0.227,0.990,-0.183,0.854,-1.526
0.014,-0.212,0.995,0.549,-1.404,-2.502
0.023,-0.202,0.998,-0.916,-1.465,-2.075
0.024,-0.186,1.000,-1.770,-1.282,-0.305

-0.187,-0.519,2.177,-76.538,-11.780,-12.756
-0.095,-0.462,2.227,-162.415,-11.963,-16.541
0.057,-0.263,2.060,-193.237,-27.832,-8.789
0.010,-0.195,1.854,-211.426,-74.097,12.695
-0.052,-0.199,1.791,-204.346,-102.356,20.264
-0.161,-0.211,1.746,-202.515,-107.910,18.127
-0.182,-0.224,1.740,-214.783,-111.877,12.878
-0.181,-0.208,1.646,-230.530,-113.098,12.939
-0.175,-0.166,1.521,-247.925,-115.356,15.625
-0.159,-0.078,1.168,-266.357,-125.305,24.231
-0.176,-0.048,1.004,-249.634,-142.822,23.926
-0.217,-0.036,0.822,-239.929,-143.311,18.494
-0.181,-0.022,0.754,-250.488,-114.197,11.841
-0.080,0.053,0.580,-259.521,-101.318,14.587
-0.054,0.081,0.509,-254.333,-94.177,25.208
-0.069,0.102,0.432,-245.422,-99.609,29.114
-0.102,0.116,0.362,-235.962,-103.760,26.733
-0.120,0.199,0.205,-229.492,-99.304,25.574
-0.150,0.225,0.144,-208.740,-92.163,26.672
-0.187,0.259,0.090,-203.491,-86.243,26.733
-0.205,0.292,0.115,-191.650,-83.618,23.560
-0.212,0.364,0.113,-188.293,-73.608,22.339
-0.203,0.389,0.056,-176.208,-68.420,28.870
-0.278,0.420,-0.106,-161.255,-80.200,33.997
-0.358,0.406,-0.143,-124.573,-103.638,33.325
-0.487,0.361,-0.093,-115.051,-102.295,27.588
-0.498,0.393,-0.041,-124.878,-69.641,17.151
-0.495,0.448,-0.057,-129.761,-50.476,11.841
-0.503,0.584,-0.054,-119.507,-52.368,10.437
-0.476,0.617,-0.002,-99.304,-57.495,13.794
-0.406,0.621,0.104,-101.196,-59.570,20.386
-0.401,0.628,0.070,-124.817,-64.209,39.185
-0.440,0.592,-0.248,-134.033,-68.542,49.866
-0.482,0.540,-0.483,-124.207,-81.848,63.171
-0.520,0.454,-0.905,-104.126,-92.957,63.843
-0.528,0.410,-1.007,-44.922,-105.347,65.796
-0.644,0.274,-1.078,-20.447,-95.947,64.880
-0.729,0.251,-1.068,6.958,-56.335,47.791
-0.834,0.295,-0.877,18.555,-26.306,35.583
-0.859,0.429,-0.597,36.377,23.010,4.578
-0.851,0.529,-0.462,43.701,39.063,-10.376
-0.795,0.697,-0.114,59.570,53.955,-32.654
-0.748,0.747,0.060,60.669,56.030,-37.842
-0.715,0.794,0.153,37.842,49.072,-31.799
-0.702,0.866,0.014,24.048,40.344,-24.231
-0.712,0.802,-0.287,22.705,20.142,-10.010
-0.746,0.727,-0.398,33.386,12.634,-6.287
-0.788,0.577,-0.503,55.298,17.395,-14.038
-0.747,0.539,-0.469,59.448,38.269,-34.851
-0.579,0.565,-0.329,53.040,44.617,-39.978
-0.505,0.614,-0.319,43.396,46.265,-37.964
-0.442,0.681,-0.447,36.072,38.147,-19.531
-0.449,0.668,-0.524,48.462,29.297,-9.216
-0.512,0.564,-0.580,98.145,14.709,1.831
-0.543,0.492,-0.518,124.756,15.625,1.038
-0.542,0.371,-0.224,152.649,35.522,-10.925
-0.515,0.364,-0.089,145.203,52.673,-17.029
-0.474,0.403,-0.023,111.938,83.252,-20.569
-0.409,0.503,-0.112,112.244,87.097,-18.433
-0.461,0.436,-0.122,169.006,63.416,-18.005
-0.490,0.331,0.024,219.177,57.434,-24.231
-0.460,0.189,0.427,207.275,75.439,-28.137
-0.394,0.234,0.549,136.902,117.004,-28.442
-0.239,0.410,0.550,113.647,120.178,-21.484
-0.239,0.446,0.484,146.301,78.735,-7.324
-0.417,0.323,0.473,189.392,51.636,-9.399
-0.503,0.219,0.590,222.046,68.420,-30.212
-0.341,0.162,0.984,194.336,104.187,-41.992
-0.151,0.282,1.061,119.385,129.883,-28.870
-0.047,0.429,0.879,113.831,99.060,-11.047
-0.179,0.391,0.797,177.490,18.494,6.653
-0.452,0.140,1.058,200.317,16.113,-0.488
-0.402,0.110,1.255,185.547,51.453,-14.648
-0.113,0.360,1.360,110.046,112.244,-28.992
-0.061,0.448,1.249,91.675,95.093,-16.907
-0.260,0.418,0.868,100.403,19.775,19.897
-0.383,0.347,0.748,116.516,-0.732,26.489
-0.469,0.256,0.735,132.446,26.794,12.817
-0.485,0.153,0.908,124.146,58.716,-2.686
-0.411,0.182,0.988,96.252,99.548,-27.222
-0.253,0.290,1.057,88.440,96.680,-27.161
-0.221,0.303,1.032,82.703,67.566,-3.296
-0.297,0.232,0.810,81.299,56.946,10.681
-0.370,0.168,0.697,95.337,64.270,12.329
-0.402,0.038,0.757,109.802,80.200,-2.197
-0.354,-0.010,0.913,128.784,115.417,-32.959
-0.197,-0.027,1.263,128.296,127.441,-42.358
-0.100,0.001,1.367,118.103,115.479,-41.382
-0.019,0.017,1.308,113.342,92.834,-29.785
-0.043,0.002,1.209,104.614,57.983,-9.644
-0.077,-0.035,1.088,103.699,57.861,-9.827
-0.069,-0.049,1.105,122.375,65.796,-25.269
0.013,-0.078,1.264,132.263,68.726,-32.104
0.078,-0.093,1.317,125.671,65.125,-26.978
-0.142,-0.029,1.405,116.882,55.786,-15.991
-0.719,0.066,2.001,108.459,112.854,-30.823
-0.235,-0.184,2.952,62.256,195.129,-71.655
0.552,-0.035,2.222,-32.532,72.205,-56.274
0.590,0.363,0.708,-14.648,-75.256,-4.150
0.369,0.193,0.428,23.315,-118.652,49.744
0.142,-0.142,0.431,27.161,-59.631,46.997
0.023,-0.239,0.580,58.960,3.357,30.640
-0.354,-0.452,1.120,69.092,10.010,19.287
-0.410,-0.504,1.312,22.034,44.800,-18.982
-0.127,-0.311,1.190,-7.935,54.199,-32.654
0.012,-0.172,1.019,-12.451,25.635,-31.982
0.108,-0.098,0.866,-2.136,16.602,-26.062
0.092,-0.128,0.988,3.418,25.696,-17.761
0.078,-0.146,1.070,3.174,27.283,-14.587
0.066,-0.163,1.104,2.808,9.521,-6.348
0.064,-0.158,1.059,-0.305,-10.132,4.150
0.048,-0.157,0.972,-1.343,-14.343,8.301
0.033,-0.163,0.960,1.160,-14.893,11.108
0.018,-0.175,0.987,4.578,-14.404,10.193
0.008,-0.193,1.004,8.972,-14.343,8.606
-0.024,-0.237,0.991,7.080,-11.658,8.484
-0.035,-0.240,0.971,-0.244,-4.028,6.470
-0.029,-0.219,0.967,-2.075,-1.343,4.395
-0.009,-0.203,0.979,-3.540,1.587,-0.854

-0.216,0.882,1.083,-90.210,54.321,-20.325
-0.115,0.590,0.926,53.040,32.410,27.283
-0.513,0.715,0.915,73.059,23.376,24.597
-0.567,0.912,0.391,246.338,102.417,-3.174
0.155,-0.317,1.118,316.528,125.671,-27.466
0.091,-0.408,1.938,150.513,64.331,-29.114
-0.089,0.025,1.797,45.776,45.044,5.493
-0.136,0.087,1.401,-15.747,5.127,54.932
-0.285,0.101,0.924,-1.709,-14.404,56.885
-0.329,0.088,0.872,29.358,-5.432,29.907
-0.225,0.126,0.923,38.391,16.418,11.108
-0.132,0.164,0.970,53.528,44.189,-4.822
-0.032,0.160,1.029,60.730,42.786,-1.648
-0.012,0.139,0.999,66.528,35.950,12.207
-0.015,0.078,0.866,67.505,35.522,19.287
-0.022,0.030,0.799,72.144,33.936,29.114
-0.057,-0.073,0.681,75.989,33.569,31.494
-0.203,-0.073,0.652,109.253,38.025,31.250
-1.206,0.214,1.477,162.476,63.843,16.907
-1.153,0.078,2.141,238.403,223.877,-82.214
0.283,-0.502,2.288,190.002,251.709,-125.183
0.641,-0.413,1.868,29.053,95.398,-70.068
0.448,0.048,0.993,-18.433,4.883,-17.578
0.320,0.072,0.724,-23.621,-49.927,26.611
0.168,-0.105,0.632,-0.244,-38.391,25.391
0.096,-0.183,0.776,51.575,-13.672,5.188
-0.008,-0.253,1.138,59.204,-9.033,-6.104
-0.016,-0.271,1.238,33.203,10.132,-11.292
0.034,-0.281,1.155,15.503,16.174,-4.272
0.036,-0.261,1.049,-3.479,7.385,8.057
0.003,-0.249,0.894,-3.357,2.808,6.348
-0.013,-0.250,0.883,7.263,-2.258,-7.019
-0.026,-0.248,0.962,11.230,-2.197,-12.390
0.006,-0.233,1.031,7.141,5.249,-15.320
0.026,-0.212,1.038,1.587,7.690,-14.465
0.044,-0.188,1.026,-4.761,4.272,-9.155
0.070,-0.160,0.982,-3.723,0.610,-5.066
0.047,-0.187,0.969,0.000,-2.625,1.892
0.027,-0.205,0.973,0.610,-1.648,3.235
0.005,-0.224,0.981,1.282,2.197,2.441
0.007,-0.228,0.984,1.709,4.517,0.549
0.017,-0.227,0.986,1.221,3.479,0.000
0.023,-0.222,0.984,0.244,1.709,-0.549
0.027,-0.213,0.983,-1.282,-3.235,-2.319
0.033,-0.192,0.977,-1.648,-4.578,-2.686
0.040,-0.170,0.972,-1.526,-1.770,-1.709
0.042,-0.170,0.972,0.610,5.371,-0.183
0.041,-0.191,0.993,2.075,7.324,0.854
0.039,-0.197,0.998,3.113,4.700,1.526
0.033,-0.211,0.988,2.991,1.770,1.404
0.035,-0.213,0.978,0.488,-0.977,1.160
0.036,-0.198,0.976,-1.221,-0.549,1.465
0.034,-0.192,0.976,0.549,0.244,2.441
0.027,-0.203,0.971,3.296,0.305,2.319
0.026,-0.212,0.974,6.592,0.610,0.366
0.027,-0.223,0.980,6.348,0.916,-1.038
0.028,-0.222,0.984,3.235,2.625,-2.014
0.031,-0.214,0.982,1.892,3.845,-1.709
0.032,-0.209,0.977,2.808,4.150,-1.526
0.028,-0.203,0.969,4.883,2.747,-1.831
0.022,-0.204,0.967,9.399,-0.244,-5.005
0.015,-0.227,0.960,11.658,-1.099,-6.531
0.019,-0.240,0.968,13.245,-1.282,-6.836
0.033,-0.258,0.990,11.108,-0.366,-5.981
0.036,-0.250,0.989,4.578,2.258,-2.625
0.040,-0.230,0.972,4.028,2.563,-1.343
0.035,-0.230,0.978,7.141,1.343,-0.793
0.028,-0.255,0.998,7.751,0.793,-1.709
0.035,-0.259,0.989,4.639,-0.977,-2.625
0.042,-0.243,0.969,2.869,-1.953,-2.197
0.042,-0.237,0.966,2.258,-2.075,-0.366
0.045,-0.233,0.981,2.747,-1.831,0.488
0.042,-0.233,0.985,3.113,-2.197,1.526
0.037,-0.229,0.972,2.563,-1.953,1.892
0.033,-0.230,0.968,1.465,0.488,2.441
0.029,-0.242,0.974,1.587,1.343,2.502
0.027,-0.249,0.978,2.380,0.610,1.770
0.034,-0.246,0.978,1.831,-0.122,1.465
0.039,-0.242,0.978,-0.305,-1.160,1.404
0.039,-0.243,0.984,-0.916,-1.892,1.709
0.037,-0.241,0.985,0.488,-5.066,2.869
0.028,-0.236,0.973,1.648,-6.836,3.357
0.021,-0.241,0.967,1.953,-6.409,3.296
0.013,-0.254,0.964,0.549,-3.967,2.625
0.011,-0.257,0.968,-1.221,-0.793,2.136
0.013,-0.255,0.969,-2.930,3.418,1.038
0.024,-0.243,0.973,-2.747,3.662,0.305
0.032,-0.237,0.976,-2.319,1.648,-0.122
0.039,-0.236,0.986,-2.686,-0.122,0.183
0.040,-0.235,0.982,-2.197,-3.906,0.549
0.032,-0.228,0.970,-1.038,-5.066,0.854
0.028,-0.230,0.966,1.160,-3.357,1.587
0.022,-0.242,0.961,2.197,-1.465,1.648
0.019,-0.251,0.966,3.601,1.526,0.244
0.019,-0.261,0.984,2.686,2.808,-0.610
0.022,-0.255,0.987,-0.610,2.563,-1.160
0.028,-0.236,0.977,-1.282,0.977,-1.099
0.030,-0.231,0.972,-0.305,-0.793,-0.183
0.034,-0.237,0.972,0.366,-0.732,0.366
0.032,-0.243,0.974,1.282,-0.122,1.099
0.022,-0.254,0.972,1.038,0.671,1.099
0.019,-0.255,0.970,0.183,1.892,-0.122
0.019,-0.247,0.980,-0.183,1.648,-0.916
0.023,-0.242,0.982,-0.671,-0.244,-1.465
0.036,-0.232,0.972,-0.793,-0.977,-0.854
0.040,-0.231,0.969,-0.610,-1.221,1.221
0.037,-0.231,0.972,-0.427,-0.977,2.502
0.030,-0.231,0.972,0.427,-1.099,3.723
0.017,-0.250,0.967,1.038,-0.916,3.296
0.015,-0.256,0.967,0.549,0.916,1.587
0.018,-0.249,0.973,0.061,1.587,0.732
0.023,-0.244,0.977,0.916,0.549,-0.671
0.031,-0.244,0.982,1.160,-0.366,-0.610
0.033,-0.245,0.979,-0.366,-0.671,2.075
0.031,-0.245,0.970,-1.404,-0.305,3.418
0.029,-0.242,0.969,-0.977,0.122,4.333
0.026,-0.242,0.967,-0.122,0.488,3.662
0.025,-0.247,0.971,1.099,1.526,1.770
0.026,-0.252,0.980,0.732,2.075,1.038

-0.419,-0.779,1.981,-57.922,-65.491,-6.958
-0.301,-0.702,2.167,-140.564,18.494,-69.153
0.131,-0.416,2.276,-175.903,33.142,-77.759
0.282,-0.282,2.230,-210.449,-8.057,-54.138
0.224,-0.196,2.041,-211.731,-41.809,-34.790
-0.052,-0.228,1.858,-205.872,-82.458,-12.634
-0.168,-0.226,1.759,-212.524,-78.125,-13.123
-0.307,-0.107,1.534,-217.712,-74.768,-14.343
-0.331,-0.063,1.437,-222.473,-75.317,-11.597
-0.349,-0.102,1.197,-238.586,-78.735,5.859
-0.339,-0.116,1.052,-249.084,-80.322,13.123
-0.263,-0.083,0.853,-252.014,-88.013,14.160
-0.218,-0.074,0.831,-239.929,-89.905,14.587
-0.103,-0.083,0.811,-241.394,-88.684,16.479
-0.048,-0.075,0.749,-252.991,-98.877,21.423
0.052,-0.036,0.576,-254.395,-111.145,23.865
0.073,-0.019,0.517,-246.948,-130.310,25.269
0.116,0.007,0.459,-241.760,-127.808,25.696
0.140,0.022,0.430,-233.887,-122.253,24.414
0.159,0.079,0.235,-232.605,-124.634,24.658
0.120,0.122,0.124,-225.525,-133.057,28.687
0.036,0.174,-0.005,-218.384,-121.948,29.297
-0.001,0.208,-0.049,-203.064,-89.722,24.414
-0.094,0.280,-0.097,-188.477,-78.979,19.592
-0.145,0.292,-0.100,-169.128,-61.340,14.099
-0.256,0.310,-0.145,-169.739,-52.734,16.113
-0.400,0.336,-0.287,-165.222,-47.607,23.560
-0.491,0.362,-0.373,-134.827,-49.622,20.996
-0.631,0.432,-0.447,-115.173,-43.579,16.052
-0.656,0.479,-0.431,-94.177,-22.949,5.981
-0.630,0.609,-0.429,-93.628,-21.545,3.723
-0.623,0.662,-0.479,-82.581,-44.983,13.977
-0.708,0.717,-0.634,-64.758,-54.871,21.240
-0.729,0.732,-0.652,-21.851,-42.908,17.639
-0.624,0.780,-0.515,-7.812,-28.687,10.498
-0.502,0.809,-0.442,3.052,-19.653,12.451
-0.526,0.798,-0.472,6.958,-24.841,19.104
-0.636,0.760,-0.503,20.752,-20.752,20.874
-0.668,0.751,-0.451,40.527,5.188,6.104
-0.672,0.767,-0.217,47.729,22.644,-2.136
-0.637,0.772,-0.041,50.232,49.805,-14.404
-0.485,0.792,0.200,38.513,51.025,-15.198
-0.446,0.829,0.140,7.874,23.132,-3.784
-0.501,0.843,-0.246,7.690,4.089,5.493
-0.565,0.795,-0.435,38.025,-19.287,17.090
-0.676,0.668,-0.611,55.481,-15.564,15.625
-0.689,0.618,-0.596,75.134,20.386,0.854
-0.634,0.580,-0.476,77.820,43.579,-8.667
-0.567,0.596,-0.388,82.642,76.294,-20.996
-0.405,0.632,-0.214,86.670,75.134,-19.348
-0.374,0.634,-0.179,97.900,45.837,-0.244
-0.442,0.580,-0.188,110.291,32.471,8.850
-0.488,0.529,-0.148,144.226,32.959,8.057
-0.483,0.441,0.082,155.945,47.119,1.221
-0.427,0.427,0.229,156.616,70.251,-8.728
-0.333,0.440,0.446,146.179,69.275,-6.470
-0.338,0.447,0.482,117.554,61.768,9.766
-0.397,0.414,0.443,108.643,65.552,13.733
-0.396,0.420,0.422,127.563,71.350,-4.150
-0.346,0.423,0.496,151.550,64.819,-14.587
-0.328,0.395,0.580,177.185,53.894,-12.634
-0.295,0.325,0.716,168.091,52.612,-4.700
-0.323,0.304,0.745,127.869,57.190,12.024
-0.387,0.271,0.710,114.746,72.205,10.315
-0.370,0.286,0.765,142.639,90.942,-19.409
-0.281,0.289,1.023,162.537,83.557,-31.738
-0.257,0.290,1.111,162.903,53.101,-24.719
-0.270,0.306,0.966,145.569,30.273,-10.498
-0.345,0.296,0.759,119.202,-0.427,13.733
-0.535,0.175,0.540,121.338,14.099,9.094
-0.526,0.116,0.693,135.925,93.262,-34.607
-0.292,0.138,1.255,131.653,124.878,-52.795
-0.099,0.323,1.396,97.412,108.215,-48.950
-0.110,0.402,1.216,83.740,64.636,-29.846
-0.300,0.368,0.672,89.844,-17.456,9.705
-0.417,0.282,0.501,124.817,-11.047,9.583
-0.477,0.086,0.755,134.521,32.349,-7.751
-0.354,0.075,1.041,105.713,126.038,-42.419
-0.081,0.258,1.345,85.022,127.991,-42.114
-0.051,0.326,1.306,68.787,58.411,-7.324
-0.147,0.286,0.959,66.284,27.954,13.123
-0.226,0.221,0.753,78.003,10.437,27.710
-0.373,0.066,0.719,99.487,21.667,18.250
-0.346,-0.007,0.964,130.188,81.116,-16.846
-0.098,-0.012,1.483,125.183,101.013,-27.588
-0.010,0.025,1.583,94.910,69.214,-17.151
-0.030,0.067,1.392,79.407,37.903,-0.427
-0.075,0.066,1.222,55.542,7.446,26.917
-0.152,-0.001,0.971,48.218,11.475,33.020
-0.185,-0.037,0.964,56.946,32.532,18.372
-0.120,-0.033,1.185,69.397,40.588,2.563
-0.044,-0.025,1.292,73.547,45.715,-5.310
0.024,-0.036,1.287,63.782,39.429,3.540
0.015,-0.056,1.194,41.870,20.691,24.231
-0.015,-0.096,0.986,34.668,13.306,31.128
-0.035,-0.114,0.902,36.011,3.784,36.438
-0.264,-0.084,0.879,46.509,2.136,35.522
-0.609,-0.003,1.214,89.172,48.279,10.925
-0.665,-0.144,2.447,89.966,111.023,-21.851
-0.140,-0.239,2.497,-7.568,119.141,-55.725
0.413,0.100,1.304,-50.842,28.015,-29.663
0.328,0.189,0.742,-42.114,-96.619,29.541
0.130,0.014,0.346,-17.761,-86.304,38.147
0.089,-0.089,0.403,30.823,-24.841,26.550
-0.036,-0.199,0.751,49.927,-7.507,19.653
-0.149,-0.233,0.984,62.744,14.893,8.484
-0.230,-0.285,1.345,53.589,30.151,0.122
-0.157,-0.270,1.372,15.320,37.659,-11.597
-0.007,-0.157,1.107,-0.244,23.499,-8.911
0.017,-0.120,0.931,-0.183,0.183,1.038
-0.019,-0.139,0.804,9.583,-1.221,0.061
-0.048,-0.166,0.857,22.705,11.902,-7.874
-0.067,-0.205,1.026,22.705,17.883,-10.925
-0.043,-0.189,1.120,13.794,15.808,-12.146
-0.028,-0.165,1.101,1.953,1.282,-3.662
-0.015,-0.151,0.979,1.221,-5.432,0.732
-0.023,-0.168,0.941,4.456,-9.277,2.686
-0.047,-0.212,0.954,11.353,-4.883,0.854
-0.057,-0.219,0.976,11.047,0.977,-0.793

-0.187,-0.256,1.857,-116.089,-21.912,-27.344
-0.118,-0.167,1.789,-159.058,-20.325,-25.146
-0.111,-0.031,1.625,-165.039,-32.410,-18.921
-0.222,-0.033,1.529,-160.034,-56.519,-8.606
-0.284,-0.057,1.505,-149.231,-72.266,-12.146
-0.358,-0.075,1.507,-149.170,-73.425,-16.968
-0.350,-0.063,1.507,-172.791,-61.096,-20.508
-0.302,0.004,1.397,-189.453,-56.702,-17.090
-0.281,0.050,1.316,-200.989,-64.697,-9.888
-0.249,0.094,1.201,-194.824,-73.975,-7.690
-0.252,0.077,1.185,-180.481,-87.952,-6.714
-0.218,0.042,1.160,-182.251,-87.646,-8.789
-0.179,0.054,1.123,-201.538,-83.374,-8.423
-0.108,0.076,1.004,-212.708,-81.360,-3.601
-0.074,0.083,0.847,-222.412,-81.543,3.235
-0.062,0.113,0.756,-210.510,-91.858,1.648
-0.075,0.130,0.651,-200.317,-95.825,1.831
-0.095,0.106,0.652,-201.538,-80.017,1.526
-0.051,0.138,0.630,-214.355,-64.453,0.732
-0.006,0.204,0.565,-223.938,-62.439,8.179
-0.036,0.248,0.385,-212.524,-76.111,15.625
-0.088,0.245,0.321,-185.669,-97.229,23.926
-0.182,0.239,0.263,-177.307,-96.985,25.024
-0.208,0.241,0.239,-176.147,-75.134,20.081
-0.203,0.307,0.221,-178.040,-64.209,17.212
-0.206,0.342,0.201,-176.270,-59.082,22.888
-0.260,0.379,0.106,-172.180,-61.707,27.832
-0.322,0.386,0.017,-159.302,-67.261,36.011
-0.495,0.395,-0.104,-150.146,-64.148,34.973
-0.547,0.410,-0.102,-138.184,-41.992,20.752
-0.522,0.496,-0.051,-139.282,-30.396,14.709
-0.455,0.549,-0.052,-149.353,-34.302,21.057
-0.387,0.608,-0.236,-155.029,-52.734,32.227
-0.385,0.607,-0.450,-156.921,-99.670,53.894
-0.542,0.578,-0.934,-135.315,-127.441,60.974
-0.704,0.417,-1.222,-65.308,-139.832,74.829
-0.728,0.399,-1.247,-41.321,-118.225,77.271
-0.723,0.400,-1.202,-0.671,-59.570,51.392
-0.661,0.476,-0.916,12.451,-32.532,32.410
-0.635,0.537,-0.735,26.245,3.174,9.216
-0.651,0.606,-0.462,30.334,17.944,5.249
-0.734,0.669,-0.322,36.926,40.649,-6.592
-0.731,0.686,-0.245,45.349,49.683,-14.404
-0.703,0.682,-0.171,59.875,52.246,-26.306
-0.700,0.668,-0.217,61.768,51.086,-29.785
-0.677,0.648,-0.267,60.608,57.739,-32.288
-0.560,0.615,-0.297,55.298,59.937,-29.358
-0.538,0.625,-0.351,43.823,49.438,-14.954
-0.596,0.642,-0.494,48.340,43.518,-10.071
-0.624,0.600,-0.502,77.271,42.114,-13.611
-0.616,0.579,-0.468,94.971,43.701,-19.165
-0.602,0.557,-0.429,121.460,53.406,-30.518
-0.500,0.525,-0.270,125.854,61.035,-34.241
-0.368,0.575,-0.160,118.408,62.622,-26.123
-0.358,0.592,-0.164,118.958,54.138,-14.465
-0.439,0.535,-0.138,149.963,36.743,0.366
-0.487,0.480,-0.067,188.721,45.593,-8.301
-0.453,0.390,0.232,194.092,61.340,-16.113
-0.375,0.397,0.422,170.471,80.872,-16.968
-0.276,0.471,0.660,151.978,75.562,-5.859
-0.292,0.478,0.656,134.888,49.438,21.240
-0.447,0.441,0.565,146.667,35.095,22.644
-0.525,0.393,0.599,180.908,35.461,0.061
-0.564,0.299,0.814,179.932,63.660,-15.930
-0.443,0.311,0.988,146.545,116.150,-39.551
-0.187,0.468,1.179,124.207,106.689,-29.663
-0.221,0.482,1.107,107.727,77.820,-6.226
-0.436,0.395,0.817,99.365,30.334,15.442
-0.498,0.379,0.755,123.840,38.879,-14.282
-0.454,0.314,0.883,129.211,62.195,-29.419
-0.371,0.329,0.934,112.793,95.276,-43.152
-0.226,0.396,0.965,108.887,84.290,-38.391
-0.225,0.375,0.925,109.619,33.081,-14.282
-0.378,0.278,0.729,109.680,18.799,-7.690
-0.460,0.225,0.725,114.441,48.096,-26.733
-0.379,0.211,0.998,114.502,82.825,-44.922
-0.255,0.265,1.139,105.774,116.516,-59.937
-0.077,0.376,1.291,99.854,101.013,-51.514
-0.070,0.407,1.210,80.750,36.072,-13.916
-0.195,0.398,0.760,79.773,7.629,2.502
-0.281,0.341,0.578,107.117,-5.371,7.202
-0.380,0.174,0.620,119.141,17.334,-2.136
-0.343,0.124,0.783,117.859,84.900,-28.625
-0.167,0.159,1.112,111.572,101.318,-35.583
-0.078,0.214,1.184,96.558,79.834,-21.606
-0.093,0.207,1.073,89.233,55.237,-6.348
-0.200,0.106,0.836,88.196,21.423,14.465
-0.242,0.036,0.854,95.154,25.696,12.146
-0.222,0.000,0.976,105.103,65.491,-12.939
-0.062,0.028,1.255,104.553,77.576,-20.020
-0.002,0.042,1.343,97.473,55.420,-7.935
-0.020,0.028,1.264,77.820,16.296,18.250
-0.096,-0.020,1.048,70.496,4.944,27.649
-0.141,-0.054,1.011,72.876,7.507,24.780
-0.151,-0.103,1.122,79.102,17.578,15.320
-0.122,-0.114,1.202,80.139,28.015,5.676
-0.086,-0.128,1.218,72.449,25.146,8.240
-0.085,-0.134,1.150,63.416,19.653,12.634
-0.080,-0.162,0.969,53.467,9.338,21.606
-0.079,-0.187,0.875,55.115,3.174,24.597
-0.176,-0.195,0.801,60.608,2.686,23.682
-0.428,-0.125,1.023,72.571,8.789,20.325
-0.732,-0.135,2.383,97.656,100.952,-20.630
-0.275,-0.234,2.701,14.343,156.067,-64.148
0.525,0.084,1.528,-32.227,66.650,-35.706
0.442,0.192,0.845,-41.809,-46.936,8.484
0.133,-0.059,0.332,-0.671,-110.718,50.781
0.071,-0.175,0.380,33.142,-31.555,36.560
-0.050,-0.277,0.734,50.049,-7.629,28.931
-0.158,-0.318,0.993,61.279,9.949,14.282
-0.226,-0.353,1.386,44.617,26.001,4.578
-0.140,-0.313,1.371,0.854,33.447,-2.747
-0.000,-0.202,1.010,-6.287,14.282,1.465
0.008,-0.186,0.852,2.014,-4.883,9.094
-0.025,-0.212,0.823,7.019,1.526,8.301
-0.052,-0.234,0.911,13.916,16.602,2.869
-0.086,-0.277,1.081,14.038,17.456,0.061
-0.073,-0.278,1.098,5.676,5.615,-2.075
-0.048,-0.231,1.014,0.549,-2.502,0.061

-0.237,-0.433,1.929,-64.941,-25.452,-26.794
-0.145,-0.387,2.007,-127.197,-19.836,-21.606
-0.057,-0.247,1.874,-153.076,-34.485,-14.954
-0.109,-0.149,1.632,-171.082,-68.848,-6.470
-0.168,-0.151,1.568,-163.574,-82.214,-5.859
-0.320,-0.232,1.583,-146.118,-98.328,-12.573
-0.366,-0.256,1.603,-178.772,-72.449,-23.010
-0.324,-0.152,1.526,-207.092,-56.519,-23.254
-0.298,-0.073,1.427,-239.624,-60.547,-10.010
-0.322,0.045,1.194,-239.502,-72.632,-3.784
-0.355,0.080,1.097,-220.215,-93.018,0.732
-0.428,0.062,1.047,-209.656,-96.802,0.183
-0.447,0.023,1.073,-209.900,-83.862,-5.493
-0.382,0.008,1.096,-218.994,-75.012,-11.292
-0.304,0.045,1.055,-233.948,-78.491,-17.212
-0.164,0.123,0.898,-233.154,-91.248,-14.038
-0.146,0.140,0.800,-219.482,-119.934,-4.578
-0.170,0.104,0.630,-213.806,-123.413,-4.456
-0.161,0.102,0.571,-215.698,-102.905,-13.550
-0.061,0.182,0.561,-215.576,-92.529,-17.944
-0.011,0.247,0.460,-211.182,-94.849,-9.094
-0.034,0.250,0.361,-208.008,-114.685,8.179
-0.096,0.236,0.187,-203.064,-116.211,10.437
-0.118,0.240,0.114,-197.449,-109.619,8.850
-0.145,0.263,0.095,-177.917,-94.849,0.610
-0.136,0.262,0.138,-165.710,-75.012,1.404
-0.130,0.260,0.161,-169.189,-67.200,5.066
-0.132,0.281,0.101,-175.659,-57.678,11.230
-0.203,0.342,-0.094,-171.570,-55.420,14.709
-0.283,0.356,-0.160,-150.146,-40.466,13.000
-0.380,0.385,-0.134,-138.306,-27.161,6.348
-0.402,0.420,-0.076,-122.681,-10.376,-6.165
-0.411,0.518,0.012,-121.399,-6.592,-10.620
-0.409,0.579,-0.015,-127.747,-8.972,-12.146
-0.427,0.666,-0.305,-129.944,-17.883,-6.714
-0.545,0.680,-0.814,-117.798,-45.959,12.756
-0.590,0.672,-1.033,-99.426,-58.960,25.940
-0.676,0.586,-1.275,-40.344,-87.158,67.505
-0.783,0.498,-1.301,10.742,-88.196,76.965
-0.922,0.444,-1.169,22.583,-67.566,62.073
-0.898,0.499,-1.029,28.442,0.427,20.447
-0.724,0.655,-0.672,28.198,33.142,4.089
-0.659,0.727,-0.520,41.077,57.007,-12.939
-0.588,0.789,-0.237,54.382,54.382,-15.137
-0.568,0.773,-0.116,66.956,43.030,-14.648
-0.580,0.726,-0.085,63.110,38.513,-14.465
-0.593,0.723,-0.180,53.955,38.757,-15.564
-0.591,0.708,-0.364,57.129,40.039,-15.930
-0.577,0.677,-0.397,70.740,35.889,-12.573
-0.554,0.641,-0.417,72.632,31.616,-8.301
-0.557,0.640,-0.459,72.876,24.475,2.502
-0.585,0.626,-0.567,78.430,26.245,5.127
-0.584,0.609,-0.575,104.736,36.865,-0.916
-0.540,0.562,-0.487,121.643,41.565,-5.249
-0.495,0.534,-0.380,150.208,46.570,-6.836
-0.371,0.477,-0.108,155.884,44.189,-2.441
-0.348,0.473,-0.006,149.475,35.034,18.494
-0.450,0.412,0.097,145.447,38.818,27.649
-0.505,0.375,0.170,150.085,68.176,13.000
-0.453,0.366,0.376,155.396,84.412,-2.319
-0.391,0.374,0.489,159.241,100.830,-15.198
-0.262,0.394,0.697,153.015,97.717,-10.254
-0.249,0.389,0.708,125.244,77.026,16.479
-0.366,0.344,0.581,120.300,68.298,22.644
-0.427,0.324,0.576,148.743,72.998,1.282
-0.426,0.246,0.765,163.635,87.830,-16.052
-0.350,0.274,0.876,165.100,105.103,-28.503
-0.153,0.360,0.981,157.227,89.600,-16.296
-0.156,0.353,0.897,125.549,18.738,28.564
-0.409,0.226,0.542,114.258,2.258,44.861
-0.538,0.140,0.472,128.845,45.227,13.306
-0.433,0.122,0.820,142.578,85.205,-20.325
-0.298,0.177,1.026,137.695,124.023,-39.001
-0.186,0.295,1.080,129.517,105.164,-25.391
-0.219,0.304,0.983,119.324,45.410,14.771
-0.427,0.143,0.841,110.962,39.429,27.100
-0.493,0.072,0.878,88.745,96.008,5.310
-0.380,0.144,1.109,90.881,120.361,-21.912
-0.282,0.235,1.238,115.356,105.713,-52.002
-0.183,0.321,1.302,117.310,83.435,-45.471
-0.185,0.337,1.182,95.642,42.969,-17.456
-0.220,0.363,0.779,87.219,28.442,-3.723
-0.281,0.332,0.619,95.215,28.625,13.306
-0.412,0.173,0.677,111.938,52.124,4.333
-0.361,0.120,0.907,147.522,105.103,-36.194
-0.167,0.107,1.360,152.039,111.572,-44.434
-0.106,0.104,1.441,132.996,81.604,-28.992
-0.076,0.073,1.281,117.920,56.824,-14.587
-0.105,0.047,1.132,101.501,27.466,9.460
-0.128,-0.027,1.044,101.929,31.738,11.292
-0.096,-0.056,1.104,108.826,52.856,-0.366
-0.009,-0.084,1.191,111.206,54.932,-2.930
0.008,-0.115,1.168,107.605,41.931,5.920
0.027,-0.192,1.017,102.051,35.828,12.146
0.037,-0.214,0.926,95.093,31.799,19.043
-0.222,-0.159,0.904,101.379,30.090,18.372
-1.003,0.001,1.761,137.634,128.113,-26.489
-0.500,-0.389,3.554,85.022,270.020,-91.309
0.687,-0.306,2.549,-56.396,121.704,-81.299
0.718,0.480,0.662,-24.170,-108.215,-5.737
0.342,0.267,0.382,23.682,-187.195,75.378
0.057,-0.227,0.386,0.427,-88.257,73.975
-0.003,-0.282,0.519,16.968,16.357,45.471
-0.300,-0.402,1.177,50.232,5.737,30.579
-0.348,-0.461,1.432,27.039,3.479,0.977
-0.106,-0.286,1.176,-8.301,8.850,-4.822
-0.029,-0.169,0.919,-19.287,-9.644,1.892
-0.051,-0.161,0.762,-5.432,-8.118,4.639
-0.067,-0.240,0.976,7.446,19.531,-1.648
-0.064,-0.245,1.079,1.038,19.409,-7.507
-0.036,-0.194,1.087,-3.845,10.803,-5.249
-0.023,-0.164,1.020,-7.568,-9.583,3.418
-0.037,-0.150,0.932,-4.883,-17.639,5.981
-0.054,-0.166,0.931,4.517,-16.113,5.859
-0.067,-0.208,0.971,8.179,-11.597,4.211
-0.068,-0.225,0.988,9.094,-7.141,2.380
-0.082,-0.244,0.994,6.775,-4.700,2.869
-0.088,-0.246,0.985,1.770,1.404,3.357
-0.083,-0.240,0.971,-0.122,3.235,2.197

-0.373,-0.309,1.782,-93.445,-8.484,-30.518
-0.291,-0.231,1.795,-137.939,0.183,-40.649
-0.160,-0.075,1.712,-148.437,-7.935,-38.086
-0.161,-0.048,1.655,-149.292,-38.879,-22.217
-0.255,-0.113,1.562,-149.048,-50.659,-17.395
-0.287,-0.143,1.533,-162.781,-54.016,-21.118
-0.259,-0.113,1.461,-172.363,-52.551,-23.926
-0.232,-0.080,1.406,-184.387,-57.434,-18.311
-0.228,-0.036,1.251,-186.340,-63.110,-12.939
-0.239,-0.013,1.185,-183.105,-70.435,-9.644
-0.219,0.050,1.106,-181.702,-69.336,-10.315
-0.198,0.076,1.087,-178.650,-71.045,-7.080
-0.166,0.094,1.054,-177.856,-75.684,-2.869
-0.173,0.096,1.025,-170.593,-92.529,3.418
-0.212,0.070,0.958,-167.114,-97.656,4.150
-0.215,0.066,0.912,-173.645,-92.163,1.221
-0.201,0.105,0.801,-178.894,-88.806,-0.366
-0.202,0.131,0.753,-183.166,-80.566,0.305
-0.209,0.175,0.678,-181.885,-75.562,0.610
-0.205,0.203,0.655,-173.889,-72.754,0.488
-0.211,0.234,0.608,-171.265,-76.294,3.784
-0.254,0.233,0.576,-170.166,-83.008,9.766
-0.336,0.233,0.538,-170.410,-79.163,7.507
-0.343,0.258,0.526,-177.429,-58.411,0.488
-0.318,0.326,0.489,-179.260,-50.964,-1.465
-0.314,0.382,0.487,-172.791,-54.016,-0.061
-0.319,0.387,0.482,-170.898,-55.908,3.174
-0.323,0.398,0.397,-174.133,-56.824,9.583
-0.350,0.410,0.334,-163.513,-68.970,8.606
-0.401,0.409,0.305,-156.677,-69.885,5.249
-0.379,0.405,0.303,-165.833,-50.049,1.587
-0.316,0.446,0.172,-173.767,-44.495,4.211
-0.336,0.463,0.060,-164.001,-60.791,8.972
-0.420,0.475,-0.066,-149.902,-67.200,5.859
-0.425,0.488,-0.082,-132.263,-57.678,-1.892
-0.419,0.524,-0.164,-131.653,-51.025,-2.625
-0.438,0.541,-0.245,-131.531,-46.875,2.075
-0.470,0.569,-0.463,-126.038,-52.429,4.761
-0.480,0.583,-0.594,-102.417,-78.430,17.822
-0.451,0.591,-0.853,-83.130,-95.337,32.715
-0.508,0.561,-1.075,-31.128,-135.254,78.613
-0.623,0.479,-1.178,3.479,-127.075,82.336
-0.788,0.404,-1.252,7.690,-94.604,64.087
-0.789,0.432,-1.186,14.404,0.671,21.179
-0.689,0.534,-0.789,23.254,41.260,4.883
-0.642,0.579,-0.567,43.518,71.594,-13.062
-0.578,0.675,-0.225,49.744,68.848,-15.076
-0.562,0.706,-0.132,48.462,51.147,-12.451
-0.583,0.729,-0.143,43.762,42.664,-9.460
-0.606,0.728,-0.218,44.495,35.095,-5.249
-0.646,0.716,-0.334,52.307,36.072,-5.615
-0.659,0.702,-0.358,70.557,48.340,-10.742
-0.629,0.659,-0.304,75.439,58.167,-14.465
-0.560,0.645,-0.245,67.749,67.078,-15.076
-0.470,0.695,-0.272,61.218,57.739,-7.812
-0.478,0.711,-0.351,71.960,28.931,11.719
-0.519,0.660,-0.459,89.844,18.372,17.517
-0.551,0.598,-0.455,129.028,15.198,18.555
-0.604,0.468,-0.326,137.939,29.602,14.771
-0.578,0.438,-0.199,128.357,75.439,2.991
-0.457,0.453,0.099,116.211,92.102,0.366
-0.411,0.482,0.175,103.760,94.055,6.165
-0.400,0.525,0.175,117.065,79.712,7.202
-0.421,0.456,0.224,174.622,40.100,8.057
-0.501,0.361,0.321,198.181,28.931,12.146
-0.594,0.255,0.484,189.453,67.139,5.859
-0.517,0.205,0.851,152.832,109.863,-6.104
-0.380,0.312,0.891,87.585,147.705,-19.531
-0.206,0.522,0.770,94.971,117.126,-17.090
-0.214,0.517,0.703,168.457,16.724,14.099
-0.518,0.233,0.642,193.542,-11.292,29.541
-0.679,0.086,0.682,156.067,44.495,6.958
-0.518,0.122,0.893,112.183,110.901,-22.339
-0.282,0.266,1.003,79.529,156.555,-43.457
-0.072,0.468,1.010,83.801,117.920,-34.668
-0.130,0.456,0.907,143.188,7.141,3.723
-0.386,0.259,0.635,162.354,-23.804,17.700
-0.533,0.144,0.570,153.015,12.268,11.719
-0.507,0.056,0.768,128.479,71.167,-9.644
-0.336,0.130,0.972,104.431,122.742,-31.982
-0.185,0.232,1.161,96.436,121.094,-42.725
-0.151,0.308,1.292,106.567,80.688,-29.724
-0.321,0.251,1.025,112.854,11.963,0.122
-0.382,0.227,0.834,108.276,3.662,10.437
-0.460,0.175,0.628,108.643,18.127,8.057
-0.458,0.143,0.687,106.140,77.271,-12.207
-0.263,-0.134,1.641,68.176,92.224,-26.611
-0.420,0.543,1.551,-9.827,75.500,-20.813
-0.169,0.424,0.640,87.585,78.552,-6.165
-0.170,0.132,0.887,159.119,46.631,6.653
-0.310,0.102,0.930,119.690,43.823,9.705
-0.311,0.085,0.928,100.647,60.425,2.258
-0.262,-0.038,1.236,114.319,62.134,-6.897
-0.254,-0.081,1.362,105.530,53.284,-11.353
-0.248,-0.031,1.247,85.449,45.654,-9.338
-0.235,0.011,1.110,69.885,34.058,-6.226
-0.196,0.016,0.990,76.477,34.302,-7.874
-0.167,0.003,1.022,83.374,39.246,-10.742
-0.108,-0.013,1.137,83.130,54.077,-11.902
-0.084,-0.028,1.182,75.317,51.331,-1.221
-0.082,-0.059,1.156,69.580,41.931,6.470
-0.093,-0.075,1.082,63.660,31.494,13.855
-0.097,-0.096,0.985,58.960,18.066,23.621
-0.141,-0.142,0.812,65.430,14.221,24.841
-0.943,-0.035,1.589,107.483,28.015,13.672
-1.100,-0.120,2.518,81.604,185.303,-70.618
0.240,-0.106,2.468,2.686,204.102,-98.083
0.616,0.209,1.586,-55.786,-37.231,-14.221
0.314,0.189,0.425,-24.475,-119.812,36.682
0.113,-0.036,0.320,18.860,-77.515,53.833
-0.055,-0.280,0.532,28.503,-28.381,38.208
-0.128,-0.307,0.763,45.227,13.794,11.719
-0.282,-0.325,1.283,39.063,22.217,1.282
-0.251,-0.294,1.405,-4.578,37.781,-14.526
-0.030,-0.127,1.156,-19.104,28.687,-14.221
0.035,-0.076,0.965,-10.010,-0.305,-1.404
0.020,-0.114,0.836,0.122,-2.136,4.150
-0.028,-0.161,0.902,9.583,5.920,6.226
-0.114,-0.211,1.053,9.460,6.042,4.761

